<?xml version="1.0" encoding="UTF-8"?>
<project-private xmlns="http://www.netbeans.org/ns/project-private/1">
    <editor-bookmarks xmlns="http://www.netbeans.org/ns/editor-bookmarks/2" lastBookmarkId="0"/>
    <open-files xmlns="http://www.netbeans.org/ns/projectui-open-files/2">
        <group>
            <file>file:/C:/Users/diego/Desktop/Lab3_JoseVargas_DiegoVarela/Lab3_JoseVargas_DiegoVarel/src/lab3_josevargas_diegovarel/Bares.java</file>
            <file>file:/C:/Users/diego/Desktop/Lab3_JoseVargas_DiegoVarela/Lab3_JoseVargas_DiegoVarel/src/lab3_josevargas_diegovarel/Empleados.java</file>
            <file>file:/C:/Users/diego/Desktop/Lab3_JoseVargas_DiegoVarela/Lab3_JoseVargas_DiegoVarel/src/lab3_josevargas_diegovarel/Locales.java</file>
            <file>file:/C:/Users/diego/Desktop/Lab3_JoseVargas_DiegoVarela/Lab3_JoseVargas_DiegoVarel/src/lab3_josevargas_diegovarel/Comida.java</file>
            <file>file:/C:/Users/diego/Desktop/Lab3_JoseVargas_DiegoVarela/Lab3_JoseVargas_DiegoVarel/src/lab3_josevargas_diegovarel/Tiendas.java</file>
            <file>file:/C:/Users/diego/Desktop/Lab3_JoseVargas_DiegoVarela/Lab3_JoseVargas_DiegoVarel/src/lab3_josevargas_diegovarel/Ropa.java</file>
            <file>file:/C:/Users/diego/Desktop/Lab3_JoseVargas_DiegoVarela/Lab3_JoseVargas_DiegoVarel/src/lab3_josevargas_diegovarel/Juguetes.java</file>
            <file>file:/C:/Users/diego/Desktop/Lab3_JoseVargas_DiegoVarela/Lab3_JoseVargas_DiegoVarel/src/lab3_josevargas_diegovarel/Lab3_JoseVargas_DiegoVarel.java</file>
            <file>file:/C:/Users/diego/Desktop/Lab3_JoseVargas_DiegoVarela/Lab3_JoseVargas_DiegoVarel/src/lab3_josevargas_diegovarel/Productos.java</file>
            <file>file:/C:/Users/diego/Desktop/Lab3_JoseVargas_DiegoVarela/Lab3_JoseVargas_DiegoVarel/src/lab3_josevargas_diegovarel/Personas.java</file>
            <file>file:/C:/Users/diego/Desktop/Lab3_JoseVargas_DiegoVarela/Lab3_JoseVargas_DiegoVarel/src/lab3_josevargas_diegovarel/Quiosco.java</file>
            <file>file:/C:/Users/diego/Desktop/Lab3_JoseVargas_DiegoVarela/Lab3_JoseVargas_DiegoVarel/src/lab3_josevargas_diegovarel/Clientes.java</file>
        </group>
    </open-files>
</project-private>
